﻿TYPE,WDPAID,WDPA_PID,PA_DEF,NAME,ORIG_NAME,DESIG,DESIG_ENG,DESIG_TYPE,IUCN_CAT,INT_CRIT,MARINE,REP_M_AREA,GIS_M_AREA,REP_AREA,GIS_AREA,NO_TAKE,NO_TK_AREA,STATUS,STATUS_YR,GOV_TYPE,OWN_TYPE,MANG_AUTH,MANG_PLAN,VERIF,METADATAID,SUB_LOC,PARENT_ISO3,ISO3,SUPP_INFO,CONS_OBJ
Polygon,95337,95337,1,Parque Nacional Jeanette Kawas,Parque Nacional Jeanette Kawas,"Ramsar Site, Wetland of International Importance","Ramsar Site, Wetland of International Importance",International,Not Reported,Not Reported,0,0,0.216583946037588,781.5,25.6726927286263,Not Applicable,0,Designated,1995,Not Reported,Not Reported,Not Reported,Management plan is not implented but is available,State Verified,1856,HN-AT,HND,HND,Not Applicable,Not Applicable
Polygon,201,201,1,Río Plátano,Río Plátano,UNESCO-MAB Biosphere Reserve,UNESCO-MAB Biosphere Reserve,International,Not Applicable,Not Applicable,0,0,444.953728036866,8000,8294.00261028147,Not Applicable,0,Designated,1980,Not Reported,Not Reported,Not Reported,Not Reported,State Verified,988,HN-GD,HND,HND,Not Applicable,Not Applicable
Polygon,555625660,555625660,1,Trifinio Fraternidad,Trifinio Fraternidad,UNESCO-MAB Biosphere Reserve,UNESCO-MAB Biosphere Reserve,International,Not Applicable,Not Applicable,0,0,0,382.7908,266.9891168464,Not Applicable,0,Designated,2011,Not Reported,Not Reported,"Instituto de Conservación y Desarrollo Forestal, Areas Protegidas y Vida Silvestre",Not Reported,State Verified,988,Not Reported,HND,HND,Not Applicable,Not Applicable
Polygon,555625661,555625661,1,"Cacique Lempira, Señor de las Montañas","Cacique Lempira, Señor de las Montañas",UNESCO-MAB Biosphere Reserve,UNESCO-MAB Biosphere Reserve,International,Not Applicable,Not Applicable,0,0,0,1686.34,154.944218911136,Not Applicable,0,Designated,2015,Not Reported,Not Reported,"El Instituto de Conservación y Desarrollo Forestal, Áreas Protegidas y Vida Silvestre,  La Mancomunidad MAPANCE PROCELAQUE.",Not Reported,State Verified,988,Not Reported,HND,HND,Not Applicable,Not Applicable
Polygon,18804,18804,1,Montecristo Trifinio,Montecristo Trifinio,Parque Nacional,National Park,National,II,Not Applicable,0,0,0,82.15446,82.8755868450988,Not Applicable,0,Designated,1987,Federal or national ministry or agency,Multiple ownership,ICF,Existing,State Verified,1927,HN-OC,HND,HND,Not Applicable,Not Applicable
Polygon,555582982,555582982,1,Montaña La Botija,Montaña La Botija,Area de Uso Múltiple,Multiple Use Area,National,VI,Not Applicable,0,0,0,191.1888,191.336854331493,Not Applicable,0,Designated,2005,Federal or national ministry or agency,Multiple ownership,ICF,Existing,State Verified,1927,HN-CH,HND,HND,Not Applicable,Not Applicable
Polygon,302120,302120,1,Archipiélago del Golfo de Fonseca,Archipiélago del Golfo de Fonseca,Parque Nacional Marino,Marine National Park,National,VI,Not Applicable,1,35.26766,35.4727252478322,49.95436,49.985589257271,Not Reported,0,Designated,1999,Federal or national ministry or agency,Multiple ownership,ICF,Existing,State Verified,1927,HN-VA,HND,HND,Not Applicable,Not Applicable
Polygon,102217,102217,1,La Berberia,La Berberia,Area de Manejo de Hábitat/Especies,Habitat/Species Management Area,National,IV,Not Applicable,0,0.64745,0,56.90625,56.9507319870886,Not Applicable,0,Designated,1999,Federal or national ministry or agency,Multiple ownership,ICF,Existing,State Verified,1927,HN-CH,HND,HND,Not Applicable,Not Applicable
Polygon,555637328,555637328_B,1,Sistema de Humedales de Santa Elena,Sistema de Humedales de Santa Elena,"Ramsar Site, Wetland of International Importance","Ramsar Site, Wetland of International Importance",International,Not Reported,(iii)(iv),2,11.2123,11.0143955112681,11.2123,11.2165965624838,Not Reported,0,Designated,2018,Federal or national ministry or agency,Multiple ownership,Not Reported,https://rsis.ramsar.org/RISapp/files/56374063/documents/HN2334_mgt171206__Plan_de_manejo_de_PN.pdf,State Verified,1856,HN-IB,HND,HND,Not Applicable,Not Applicable
Polygon,555637328,555637328_A,1,Sistema de Humedales de Santa Elena,Sistema de Humedales de Santa Elena,"Ramsar Site, Wetland of International Importance","Ramsar Site, Wetland of International Importance",International,Not Reported,(iii)(iv),0,0,0.0265159979938462,4.2083,4.2109673504978,Not Reported,0,Designated,2018,Federal or national ministry or agency,Multiple ownership,Not Reported,https://rsis.ramsar.org/RISapp/files/56374063/documents/HN2334_mgt171206__Plan_de_manejo_de_PN.pdf,State Verified,1856,HN-IB,HND,HND,Not Applicable,Not Applicable
Polygon,18832,18832,1,Montecillos,Montecillos,Reserva Biológica,Biological Reserve,National,VI,Not Applicable,0,0,0,203.33238,203.45641599496,Not Applicable,0,Designated,1987,Federal or national ministry or agency,Multiple ownership,ICF,Existing,State Verified,1927,HN-CM,HND,HND,Not Applicable,Not Applicable
Polygon,18826,18826,1,Opalaca,Opalaca,Reserva Biológica,Biological Reserve,National,Ia,Not Applicable,0,0,0,258.92462,258.999947299606,Not Applicable,0,Designated,1987,Federal or national ministry or agency,Multiple ownership,ICF,Existing,State Verified,1927,HN-IN,HND,HND,Not Applicable,Not Applicable
Polygon,18808,18808,1,Agalta,Agalta,Parque Nacional,National Park,National,II,Not Applicable,0,0,0,737.2394,737.546613708328,Not Applicable,0,Designated,1987,Federal or national ministry or agency,Multiple ownership,ICF,Existing,State Verified,1927,HN-OL,HND,HND,Not Applicable,Not Applicable
Polygon,555635545,555635545,1,La Picona,La Picona,Reservas Naturales Privadas,Private Nature Reserve,National,Not Reported,Not Applicable,0,0,0,0.625,0.64035016093193,Not Applicable,0,Designated,2016,Individual landowners,Individual landowners,Propietario Privado,Not Reported,State Verified,1927,HN-OL,HND,HND,Not Applicable,Not Applicable
Polygon,555635544,555635544,1,Bella Vista,Bella Vista,Reservas Naturales Privadas,Private Nature Reserve,National,Not Reported,Not Applicable,0,0,0,3.9054,4.10319338402295,Not Applicable,0,Designated,2016,Individual landowners,Individual landowners,Propietario Privado,Existing,State Verified,1927,HN-IN,HND,HND,Not Applicable,Not Applicable
Polygon,555635541,555635541,1,Los Hevideros,Los Hevideros,Reservas Naturales Privadas,Private Nature Reserve,National,Not Reported,Not Applicable,0,0,0,0.2872,0.287525058977327,Not Applicable,0,Designated,2017,Individual landowners,Individual landowners,Propietario Privado,Existing,State Verified,1927,HN-FM,HND,HND,Not Applicable,Not Applicable
Polygon,555635542,555635542,1,Hacienda Tara,Hacienda Tara,Reservas Naturales Privadas,Private Nature Reserve,National,Not Reported,Not Applicable,0,0,0,0.1822,0.182265616092549,Not Applicable,0,Designated,2015,Individual landowners,Individual landowners,Propietario Privado,Existing,State Verified,1927,HN-CR,HND,HND,Not Applicable,Not Applicable
Polygon,555635543,555635543,1,El Censo,El Censo,Reservas Naturales Privadas,Private Nature Reserve,National,Not Reported,Not Applicable,0,0,0,0.921,0.921359086585365,Not Applicable,0,Designated,2016,Individual landowners,Individual landowners,Propietario Privado,Existing,State Verified,1927,HN-LP,HND,HND,Not Applicable,Not Applicable
Polygon,555635546,555635546,1,El Carmen,El Carmen,Reservas Naturales Privadas,Private Nature Reserve,National,Not Reported,Not Applicable,0,0,0,1.443,1.57497897607263,Not Applicable,0,Designated,2016,Individual landowners,Individual landowners,Propietario Privado,Existing,State Verified,1927,HN-CL,HND,HND,Not Applicable,Not Applicable
Polygon,555697545,555697545,1,Taiza,Taiza,Reservas Naturales Privadas,Private Nature Reserve,National,Not Reported,Not Applicable,0,0,0,1.267,1.42072856718707,Not Applicable,0,Designated,2018,Individual landowners,Individual landowners,Propietario Privado,Not Reported,State Verified,1927,HN-CH,HND,HND,Not Applicable,Not Applicable
Polygon,555697544,555697544,1,Cruz de los Ocotes,Cruz de los Ocotes,Reservas Naturales Privadas,Private Nature Reserve,National,Not Reported,Not Applicable,0,0,0,0.1591,0.166423917839004,Not Applicable,0,Designated,2018,Individual landowners,Individual landowners,Propietario Privado,Not Reported,State Verified,1927,HN-OC,HND,HND,Not Applicable,Not Applicable
Polygon,555635547,555635547,1,Katias,Katias,Reservas Naturales Privadas,Private Nature Reserve,National,Not Reported,Not Applicable,0,0,0,2.237,2.2402997095365,Not Applicable,0,Designated,2015,Individual landowners,Individual landowners,Propietario Privado,Existing,State Verified,1927,HN-FM,HND,HND,Not Applicable,Not Applicable
Polygon,555635548,555635548,1,El Jicaro,El Jicaro,Reservas Naturales Privadas,Private Nature Reserve,National,Not Reported,Not Applicable,0,0,0,0.920356,0.913784862544459,Not Applicable,0,Designated,2018,Individual landowners,Individual landowners,Propietario Privado,Not Reported,State Verified,1927,HN-LE,HND,HND,Not Applicable,Not Applicable
Polygon,555697543,555697543,1,El Consejero y Laguna Seca,El Consejero y Laguna Seca,Reservas Naturales Privadas,Private Nature Reserve,National,Not Reported,Not Applicable,0,0,0,0.4934,0.49357036886366,Not Applicable,0,Designated,2018,Individual landowners,Individual landowners,Propietario Privado,Existing,State Verified,1927,HN-IN,HND,HND,Not Applicable,Not Applicable
Polygon,555697542,555697542,1,Bosque Ejidal Calanterique,Bosque Ejidal Calanterique,Reservas Naturales Privadas,Private Nature Reserve,National,Not Reported,Not Applicable,0,0,0,0.843,0.843449894944924,Not Applicable,0,Designated,2019,Individual landowners,Individual landowners,Propietario Privado,Not Reported,State Verified,1927,HN-CM,HND,HND,Not Applicable,Not Applicable
Polygon,555697541,555697541,1,Barranco Chele,Barranco Chele,Reservas Naturales Privadas,Private Nature Reserve,National,Not Reported,Not Applicable,0,0,0,0.5193,0.51964847693492,Not Applicable,0,Designated,2019,Individual landowners,Individual landowners,Propietario Privado,Not Reported,State Verified,1927,HN-CL,HND,HND,Not Applicable,Not Applicable
Polygon,18810,18810,1,Pico Bonito,Pico Bonito,Parque Nacional,National Park,National,II,Not Applicable,0,0,0,1071.07454,1065.62554768149,Not Applicable,0,Designated,1987,Federal or national ministry or agency,Multiple ownership,ICF y FUPNAPIB,Existing,State Verified,1927,HN-AT,HND,HND,Not Applicable,Not Applicable
Polygon,23305,23305,1,Puca,Puca,Refugio de Vida Silvestre,Wildlife Refuge,National,IV,Not Applicable,0,0,0,54.66475,54.6715778782396,Not Applicable,0,Designated,1987,Federal or national ministry or agency,Multiple ownership,ICF,Existing,State Verified,1927,HN-LE,HND,HND,Not Applicable,Not Applicable
Polygon,62043,62043,1,Fortaleza de San Fernando de Omoa,Fortaleza de San Fernando de Omoa,Monumento Cultural,Cultural Monument,National,III,Not Applicable,0,0,0,0.01,0.0100038626590674,Not Applicable,0,Proposed,1992,Federal or national ministry or agency,Multiple ownership,ICF,Not Reported,State Verified,1927,HN-CR,HND,HND,Not Applicable,Not Applicable
Polygon,555582993,555582993,1,Sabanetas,Sabanetas,Reserva Biológica,Biological Reserve,National,Ia,Not Applicable,0,0,0,81.98045,82.0184201357031,Not Applicable,0,Designated,1987,Federal or national ministry or agency,Multiple ownership,ICF,Not Reported,State Verified,1927,HN-LP,HND,HND,Not Applicable,Not Applicable
Polygon,30625,30625,1,Laguna de Karataska,Laguna de Karataska,Reserva Biológica,Biological Reserve,National,VI,Not Applicable,1,12.93779,302.40958307059,1334.66609,1332.58239701991,Not Reported,0,Proposed,2002,Indigenous peoples,Communal,ICF,Not Reported,State Verified,1927,HN-GD,HND,HND,Not Applicable,Not Applicable
Polygon,36053,36053,1,Río Kruta,Río Kruta,Parque Nacional,National Park,National,II,Not Applicable,0,3.8632,2.1681079140791,600.9285,599.194208479572,Not Applicable,0,Proposed,2002,Indigenous peoples,Communal,ICF,Not Reported,State Verified,1927,HN-GD,HND,HND,Not Applicable,Not Applicable
Polygon,555582990,555582990,1,Mocorón,Mocorón,Reserva Forestal,Forest Reserve,National,VI,Not Applicable,0,0,0,681.67217,680.855773862197,Not Applicable,0,Proposed,2002,Indigenous peoples,Communal,ICF,Not Reported,State Verified,1927,HN-GD,HND,HND,Not Applicable,Not Applicable
Polygon,555626131,555626131,1,Bahía de Tela,Bahía de Tela,Refugio de Vida Silvestre,Wildlife Refuge,National,IV,Not Applicable,2,862.59048,862.566172305752,862.59048,863.037941681995,Not Reported,0,Designated,2017,Federal or national ministry or agency,State,ICF,Not Reported,State Verified,1927,HN-AT,HND,HND,Not Applicable,Not Applicable
Polygon,62046,62046,1,Rus Rus,Rus Rus,Reserva Biológica,Biological Reserve,National,IV,Not Applicable,0,0,0,1163.48559,1162.44463501338,Not Applicable,0,Proposed,2002,Indigenous peoples,Communal,ICF,Not Reported,State Verified,1927,HN-GD,HND,HND,Not Applicable,Not Applicable
Polygon,41045,41045,1,Tawahka Asagni,Tawahka Asagni,Reserva Biósfera,Biosphere Reserve,National,VI,Not Applicable,0,0,0,2509.4198,2508.7856634703,Not Applicable,0,Designated,1999,Federal or national ministry or agency,State,ICF,Existing,State Verified,1927,HN-OL,HND,HND,Not Applicable,Not Applicable
Polygon,41044,41044,1,Pech Montaña El Carbón,Pech Montaña El Carbón,Reserva Antropológica y Forestal,Anthropological and Forest Reserve,National,VI,Not Applicable,0,0,0,340.3991,340.453560204423,Not Applicable,0,Designated,2016,Indigenous peoples,Multiple ownership,ICF y FETRIPH,Existing,State Verified,1927,HN-OL,HND,HND,Not Applicable,Not Applicable
Polygon,23306,23306,1,Cusuco,Cusuco,Parque Nacional,National Park,National,II,Not Applicable,0,0,0,196.0688,167.600194204056,Not Applicable,0,Designated,1987,Federal or national ministry or agency,Multiple ownership,ICF,Existing,State Verified,1927,HN-CR,HND,HND,Not Applicable,Not Applicable
Polygon,18828,18828,1,El Chile,El Chile,Reserva Biológica,Biological Reserve,National,II,Not Applicable,0,0,0,64.52602,64.5791622361122,Not Applicable,0,Designated,1987,Federal or national ministry or agency,Multiple ownership,ICF,Existing,State Verified,1927,HN-FM,HND,HND,Not Applicable,Not Applicable
Polygon,36051,36051,1,Laguna de Guaimoreto,Laguna de Guaimoreto,Refugio de Vida Silvestre,Wildlife Refuge,National,IV,Not Applicable,1,1.78051,39.5664690058465,85.9397,85.9767308556567,Not Reported,0,Designated,2016,Indigenous peoples,Multiple ownership,ICF,Not Reported,State Verified,1927,HN-CL,HND,HND,Not Applicable,Not Applicable
Polygon,62051,62051,1,"Congolón, Piedra Parada y Coyocutena","Congolón, Piedra Parada y Coyocutena",Parque Nacional,National Park,National,II,Not Applicable,0,0,0,110.4563,110.470305610468,Not Applicable,0,Designated,2010,Federal or national ministry or agency,Multiple ownership,ICF,Existing,State Verified,1927,HN-LE,HND,HND,Not Applicable,Not Applicable
Polygon,102221,102221,1,Santa Bárbara,Santa Bárbara,Parque Nacional,National Park,National,II,Not Applicable,0,0,0,139.4209,139.482627528947,Not Applicable,0,Designated,1987,Federal or national ministry or agency,Multiple ownership,ICF,Existing,State Verified,1927,HN-SB,HND,HND,Not Applicable,Not Applicable
Polygon,18816,18816,1,Barras de Cuero y Salado,Barras de Cuero y Salado,Refugio de Vida Silvestre,Wildlife Refuge,National,IV,Not Applicable,1,50.38344,50.5100228603259,130.27004,130.344631681348,Not Reported,0,Designated,1987,Federal or national ministry or agency,Multiple ownership,ICF y FUCSA,Existing,State Verified,1927,HN-AT,HND,HND,Not Applicable,Not Applicable
Polygon,30627,30627,1,Blanca Jeannette Kawas (Punta Sal),Blanca Jeannette Kawas (Punta Sal),Parque Nacional,National Park,National,II,Not Applicable,1,284.35834774,288.011141570539,793.81776,794.354099579231,Not Reported,0,Designated,1994,Federal or national ministry or agency,Multiple ownership,ICF y PROLANSATE,Existing,State Verified,1927,HN-AT,HND,HND,Not Applicable,Not Applicable
Polygon,302119,302119,1,Yuscarán (Monserrat),Yuscarán (Monserrat),Reserva Biológica,Biological Reserve,National,IV,Not Applicable,0,0,0,39.36035,39.3926698345165,Not Applicable,0,Designated,1987,Federal or national ministry or agency,Multiple ownership,ICF,Existing,State Verified,1927,HN-EP,HND,HND,Not Applicable,Not Applicable
Polygon,302118,302118,1,Corralitos,Corralitos,Refugio de Vida Silvestre,Wildlife Refuge,National,IV,Not Applicable,0,0,0,69.21648,69.2700367937845,Not Applicable,0,Designated,1987,Federal or national ministry or agency,Multiple ownership,ICF,Existing,State Verified,1927,HN-FM,HND,HND,Not Applicable,Not Applicable
Polygon,41024,41024,1,Punta Izopo,Punta Izopo,Parque Nacional,National Park,National,II,Not Applicable,1,37.92197,37.6569616236259,185.84537,185.985235510821,Not Reported,0,Designated,2000,Federal or national ministry or agency,Multiple ownership,ICF y PROLANSATE,Existing,State Verified,1927,HN-AT,HND,HND,Not Applicable,Not Applicable
Polygon,62044,62044,1,Petroglifos de Ayasta,Petroglifos de Ayasta,Monumento Cultural,Cultural Monument,National,III,Not Applicable,0,0,0,0.01,0.0100075440738406,Not Applicable,0,Proposed,1992,Federal or national ministry or agency,Multiple ownership,ICF,Not Reported,State Verified,1927,HN-FM,HND,HND,Not Applicable,Not Applicable
Polygon,41021,41021,1,Bahía de Chismuyo,Bahía de Chismuyo,Area de Manejo de Hábitat/Especies,Habitat/Species Management Area,National,IV,Not Applicable,1,107.41212,99.2522898872791,316.16202,316.379060157918,Not Reported,0,Designated,1999,Federal or national ministry or agency,Multiple ownership,ICF,Existing,State Verified,1927,HN-VA,HND,HND,Not Applicable,Not Applicable
Polygon,18823,18823,1,El Pital,El Pital,Reserva Biológica,Biological Reserve,National,Ia,Not Applicable,0,0,0,26.77345,26.7382025207549,Not Applicable,0,Designated,1987,Federal or national ministry or agency,Multiple ownership,ICF,Existing,State Verified,1927,HN-OC,HND,HND,Not Applicable,Not Applicable
Polygon,342379,342379,1,Güisayote,Güisayote,Reserva Biológica,Biological Reserve,National,VI,Not Applicable,0,0,0,140.81706,140.756924678672,Not Applicable,0,Designated,1987,Federal or national ministry or agency,Multiple ownership,ICF,Existing,State Verified,1927,HN-OC,HND,HND,Not Applicable,Not Applicable
Polygon,555582978,555582978,1,Guanaja 2,Guanaja 2,Reserva Forestal,Forest Reserve,National,VI,Not Applicable,0,0,0,27.02872,27.0409721566759,Not Reported,0,Designated,1961,Federal or national ministry or agency,Multiple ownership,ICF,Not Reported,State Verified,1927,HN-IB,HND,HND,Not Applicable,Not Applicable
Polygon,555582986,555582986,1,Cayos Zapotillos,Cayos Zapotillos,Reserva Biológica,Biological Reserve,National,Ia,Not Applicable,2,10.63886,10.6424685933055,10.63886,10.6424685933055,Not Reported,0,Proposed,1992,Federal or national ministry or agency,Multiple ownership,ICF,Not Reported,State Verified,1927,HN-CR,HND,HND,Not Applicable,Not Applicable
Polygon,41043,41043,1,Montaña de La Flor,Montaña de La Flor,Reserva Antropológica y Forestal,Anthropological and Forest Reserve,National,VI,Not Applicable,0,0,0,49.95983,49.9996235190833,Not Applicable,0,Proposed,1992,Indigenous peoples,Communal,ICF,Not Reported,State Verified,1927,HN-FM,HND,HND,Not Applicable,Not Applicable
Polygon,555582980,555582980,1,Laguna de Bacalar,Laguna de Bacalar,Refugio de Vida Silvestre,Wildlife Refuge,National,IV,Not Applicable,1,15.183,17.1189604236612,72.6313,72.7000934404592,Not Reported,0,Proposed,2002,Indigenous peoples,Communal,ICF,Not Reported,State Verified,1927,HN-GD,HND,HND,Not Applicable,Not Applicable
Polygon,18807,18807,1,Azul Meámbar,Azul Meámbar,Parque Nacional,National Park,National,II,Not Applicable,0,0,0,31339.088,313.574914875538,Not Applicable,0,Designated,1987,Federal or national ministry or agency,Multiple ownership,ICF,Existing,State Verified,1927,HN-CM,HND,HND,Not Applicable,Not Applicable
Polygon,62052,62052,1,Turtle Harbour,Turtle Harbour,Refugio de Vida Silvestre,Wildlife Refuge,National,IV,Not Applicable,0,0.00605,0.00165766578785534,9.28585,9.29329294877795,Not Applicable,0,Designated,2010,Federal or national ministry or agency,Multiple ownership,ICF,Existing,State Verified,1927,HN-IB,HND,HND,Not Applicable,Not Applicable
Polygon,41027,41027,1,Port Royal,Port Royal,Parque Nacional,National Park,National,II,Not Applicable,0,0,0,4.99591,4.99926118724871,Not Reported,0,Designated,2010,Federal or national ministry or agency,Multiple ownership,ICF,Existing,State Verified,1927,HN-IB,HND,HND,Not Applicable,Not Applicable
Polygon,40997,40997,1,Sierra de Río Tinto,Sierra de Río Tinto,Parque Nacional,National Park,National,VI,Not Applicable,0,0,0,880.8944,880.70884621552,Not Applicable,0,Proposed,2011,Federal or national ministry or agency,Multiple ownership,ICF,Not Reported,State Verified,1927,HN-CL,HND,HND,Not Applicable,Not Applicable
Polygon,200,200,1,La Tigra,La Tigra,Parque Nacional,National Park,National,II,Not Applicable,0,0,0,243.40552,242.62874227682,Not Applicable,0,Designated,1980,Federal or national ministry or agency,Multiple ownership,ICF y AMITIGRA,Existing,State Verified,1927,HN-FM,HND,HND,Not Applicable,Not Applicable
Polygon,34629,34629,1,El Guanacaure,El Guanacaure,Area de Uso Múltiple,Multiple Use Area,National,VI,Not Applicable,0,0,0,19.76567,19.7809501392279,Not Applicable,0,Designated,1999,Federal or national ministry or agency,Multiple ownership,ICF,Existing,State Verified,1927,HN-CH,HND,HND,Not Applicable,Not Applicable
Polygon,2196,2196,1,Lago de Yojoa,Lago de Yojoa,Area de Uso Múltiple,Multiple Use Area,National,VI,Not Applicable,0,0,0,301.41159,442.541496731888,Not Applicable,0,Designated,1971,Federal or national ministry or agency,Multiple ownership,ICF y HONDULAGO,Existing,State Verified,1927,HN-SB,HND,HND,Not Applicable,Not Applicable
Polygon,41013,41013,1,Patuca,Patuca,Parque Nacional,National Park,National,VI,Not Applicable,0,0,0,3755.84293,3755.98073998346,Not Applicable,0,Designated,1987,Federal or national ministry or agency,Multiple ownership,ICF,Existing,State Verified,1927,HN-OL,HND,HND,Not Applicable,Not Applicable
Polygon,23307,23307,1,Cerro de Uyuca,Cerro de Uyuca,Reserva Biológica,Biological Reserve,National,Ia,Not Applicable,0,0,0,8.169,7.77061635593149,Not Applicable,0,Designated,1985,Federal or national ministry or agency,Multiple ownership,ICF,Existing,State Verified,1927,HN-FM,HND,HND,Not Applicable,Not Applicable
Polygon,18844,18844,1,Montaña Verde,Montaña Verde,Refugio de Vida Silvestre,Wildlife Refuge,National,IV,Not Applicable,0,0,0,124.07403,124.110895117517,Not Applicable,0,Designated,1987,Federal or national ministry or agency,Multiple ownership,ICF,Not Reported,State Verified,1927,HN-IN,HND,HND,Not Applicable,Not Applicable
Polygon,41010,41010,1,Cayos Cochinos,Cayos Cochinos,Monumento Natural Marino,Marine Natural Monument,National,II,Not Applicable,2,1217.624438,1218.17544440969,1220.12836,1221.74038281088,Not Reported,0,Designated,2003,Federal or national ministry or agency,Multiple ownership,ICF,Existing,State Verified,1927,HN-IB,HND,HND,Not Applicable,Not Applicable
Polygon,18815,18815,1,Cuevas de Taulabé,Cuevas de Taulabé,Monumento Natural,Natural Monument,National,III,Not Applicable,0,0,0,0.62837,0.074587565307329,Not Applicable,0,Proposed,2008,Federal or national ministry or agency,Multiple ownership,ICF y Municipalidad de Taulabé,Not Reported,State Verified,1927,HN-CM,HND,HND,Not Applicable,Not Applicable
Polygon,30621,30621,1,El Cajón,El Cajón,Reserva de Recursos,Resource Reserve,National,VI,Not Applicable,0,0,0,480.55199,480.829756824385,Not Applicable,0,Proposed,1989,Federal or national ministry or agency,Multiple ownership,ICF,Not Reported,State Verified,1927,HN-YO,HND,HND,Not Applicable,Not Applicable
Polygon,18830,18830,1,Yerba Buena,Yerba Buena,Reserva Biológica,Biological Reserve,National,Ia,Not Applicable,0,0,0,35.22375,35.2502687593209,Not Applicable,0,Designated,1987,Federal or national ministry or agency,Multiple ownership,ICF,Existing,State Verified,1927,HN-FM,HND,HND,Not Applicable,Not Applicable
Polygon,18841,18841,1,Erapuca,Erapuca,Refugio de Vida Silvestre,Wildlife Refuge,National,IV,Not Applicable,0,0,0,65.22222,65.199674906174,Not Applicable,0,Designated,1987,Federal or national ministry or agency,Multiple ownership,ICF,Existing,State Verified,1927,HN-OC,HND,HND,Not Applicable,Not Applicable
Polygon,23308,23308,1,El Armado,El Armado,Refugio de Vida Silvestre,Wildlife Refuge,National,V,Not Applicable,0,0,0,35.7213,35.7498285686213,Not Applicable,0,Designated,1987,Federal or national ministry or agency,Multiple ownership,ICF,Existing,State Verified,1927,HN-OL,HND,HND,Not Applicable,Not Applicable
Polygon,41001,41001,1,El Cipresal,El Cipresal,Reserva Biológica,Biological Reserve,National,Ia,Not Applicable,0,0,0,20.34304,20.3593176986337,Not Applicable,0,Proposed,1992,Federal or national ministry or agency,Multiple ownership,ICF,Not Reported,State Verified,1927,HN-YO,HND,HND,Not Applicable,Not Applicable
Polygon,18825,18825,1,Volcán Pacayita,Volcán Pacayita,Reserva Biológica,Biological Reserve,National,Ia,Not Applicable,0,0,0,102.4926,102.479698434233,Not Applicable,0,Designated,1987,Federal or national ministry or agency,Multiple ownership,ICF,Existing,State Verified,1927,HN-LE,HND,HND,Not Applicable,Not Applicable
Polygon,555582988,555582988,1,El Jilguero,El Jilguero,Área Productora de Agua,Water Production Reserve,National,VI,Not Applicable,0,0,0,439.46868,439.728074970854,Not Applicable,0,Designated,2006,Federal or national ministry or agency,Multiple ownership,ICF,Existing,State Verified,1927,HN-LP,HND,HND,Not Applicable,Not Applicable
Polygon,41038,41038,1,Cuevas de Talgua,Cuevas de Talgua,Monumento Cultural,Cultural Monument,National,III,Not Applicable,0,0,0,1.057,1.05216598937736,Not Applicable,0,Proposed,1997,Federal or national ministry or agency,State,ICF y IHAH,Not Reported,State Verified,1927,HN-OL,HND,HND,Not Applicable,Not Applicable
Polygon,41011,41011,1,Capiro - Calentura,Capiro - Calentura,Parque Nacional,National Park,National,II,Not Applicable,0,0,0,80.8151,80.8535031286161,Not Applicable,0,Designated,2016,Federal or national ministry or agency,Multiple ownership,ICF,Existing,State Verified,1927,HN-CL,HND,HND,Not Applicable,Not Applicable
Polygon,18827,18827,1,Misoco,Misoco,Reserva Biológica,Biological Reserve,National,Ia,Not Applicable,0,0,0,45.7234,45.759728810229,Not Applicable,0,Designated,1987,Federal or national ministry or agency,Multiple ownership,ICF,Existing,State Verified,1927,HN-OL,HND,HND,Not Applicable,Not Applicable
Polygon,555582989,555582989,1,Laguna Ticamaya,Laguna Ticamaya,Area de Uso Múltiple,Multiple Use Area,National,VI,Not Applicable,0,0,0,4.42662,4.42920863823533,Not Applicable,0,Designated,1999,Federal or national ministry or agency,Multiple ownership,ICF,Not Reported,State Verified,1927,HN-CR,HND,HND,Not Applicable,Not Applicable
Polygon,41037,41037,1,Boquerón,Boquerón,Monumento Natural,Natural Monument,National,III,Not Applicable,0,0,0,55.053,55.0837579553381,Not Applicable,0,Designated,2013,Federal or national ministry or agency,Multiple ownership,ICF,Not Reported,State Verified,1927,HN-OL,HND,HND,Not Applicable,Not Applicable
Polygon,18847,18847,1,La Muralla,La Muralla,Refugio de Vida Silvestre,Wildlife Refuge,National,II,Not Applicable,0,0,0,269.0384,269.246991786394,Not Applicable,0,Designated,1987,Federal or national ministry or agency,Multiple ownership,ICF,Existing,State Verified,1927,HN-OL,HND,HND,Not Applicable,Not Applicable
Polygon,555582985,555582985,1,Warunta,Warunta,Parque Nacional,National Park,National,II,Not Applicable,0,0,0,653.69722,653.173915588089,Not Applicable,0,Proposed,2002,Indigenous peoples,Communal,ICF,Not Reported,State Verified,1927,HN-GD,HND,HND,Not Applicable,Not Applicable
Polygon,18831,18831,1,Guajiquiro,Guajiquiro,Reserva Biológica,Biological Reserve,National,Ia,Not Applicable,0,0,0,114.90181,114.971006765303,Not Applicable,0,Designated,1987,Federal or national ministry or agency,Multiple ownership,ICF,Not Reported,State Verified,1927,HN-LP,HND,HND,Not Applicable,Not Applicable
Polygon,3358,3358,1,Ruinas de Copán,Ruinas de Copán,Monumento Cultural,Cultural Monument,National,III,Not Applicable,0,0,0,0.65875,0.65841013066624,Not Applicable,0,Designated,1982,Federal or national ministry or agency,State,ICF y IHAH,Not Reported,State Verified,1927,HN-CP,HND,HND,Not Applicable,Not Applicable
Polygon,18839,18839,1,Lancetilla,Lancetilla,Jardín Botánico y Centro de Investigación,Botanical Garden and Research Center,National,II,Not Applicable,0,0,0,19.6248,19.6395227670523,Not Applicable,0,Designated,1990,Federal or national ministry or agency,Multiple ownership,ICF y UNACIFOR,Existing,State Verified,1927,HN-AT,HND,HND,Not Applicable,Not Applicable
Polygon,555582979,555582979,1,Islas de la Bahía,Islas de la Bahía,Parque Nacional Marino,Marine National Park,National,VI,Not Applicable,2,6471.5249,6458.58743598547,6471.5249,6472.53910856668,Not Reported,0,Designated,2010,Federal or national ministry or agency,State,ICF,Existing,State Verified,1927,HN-IB,HND,HND,Not Applicable,Not Applicable
Polygon,41026,41026,1,Isla del Tigre,Isla del Tigre,Area de Uso Múltiple,Multiple Use Area,National,VI,Not Applicable,0,0,0,6.00954,5.89145962667293,Not Applicable,0,Designated,1999,Federal or national ministry or agency,Multiple ownership,ICF,Existing,State Verified,1927,HN-VA,HND,HND,Not Applicable,Not Applicable
Polygon,102216,102216,1,San Lorenzo,San Lorenzo,Area de Manejo de Hábitat/Especies,Habitat/Species Management Area,National,IV,Not Applicable,1,68.72648,61.4514534453673,153.29118,153.405978475231,Not Reported,0,Designated,1999,Federal or national ministry or agency,Multiple ownership,ICF,Existing,State Verified,1927,HN-VA,HND,HND,Not Applicable,Not Applicable
Polygon,62055,62055,1,San Bernardo,San Bernardo,Area de Manejo de Hábitat/Especies,Habitat/Species Management Area,National,IV,Not Applicable,1,14.48062,12.5874536855016,94.90922,94.9834548914837,Not Reported,0,Designated,1999,Federal or national ministry or agency,Multiple ownership,ICF,Existing,State Verified,1927,HN-CH,HND,HND,Not Applicable,Not Applicable
Polygon,102215,102215,1,Los Delgaditos,Los Delgaditos,Area de Manejo de Hábitat/Especies,Habitat/Species Management Area,National,IV,Not Applicable,1,8.33997,7.55231043067181,18.15417,18.1677302655341,Not Reported,0,Designated,1999,Federal or national ministry or agency,Multiple ownership,ICF,Existing,State Verified,1927,HN-CH,HND,HND,Not Applicable,Not Applicable
Polygon,41022,41022,1,Las Iguanas y Punta Condega,Las Iguanas y Punta Condega,Area de Manejo de Hábitat/Especies,Habitat/Species Management Area,National,IV,Not Applicable,1,10.2293,9.02990467970378,41.6922,41.7242838724253,Not Reported,0,Designated,1999,Federal or national ministry or agency,Multiple ownership,ICF,Existing,State Verified,1927,HN-CH,HND,HND,Not Applicable,Not Applicable
Polygon,41019,41019,1,El Jicarito,El Jicarito,Area de Manejo de Hábitat/Especies,Habitat/Species Management Area,National,IV,Not Applicable,0,0,0.664452505607821,69.22364,69.2490781646927,Not Applicable,0,Designated,1999,Federal or national ministry or agency,Multiple ownership,ICF,Existing,State Verified,1927,HN-CH,HND,HND,Not Applicable,Not Applicable
Polygon,18845,18845,1,Texiguat,Texiguat,Refugio de Vida Silvestre,Wildlife Refuge,National,II,Not Applicable,0,0,0,469.8491,470.213796824937,Not Applicable,0,Designated,1987,Federal or national ministry or agency,Multiple ownership,ICF y PROLANSATE,Existing,State Verified,1927,HN-AT,HND,HND,Not Applicable,Not Applicable
Polygon,555582977,555582977,1,Colibrí Esmeralda Hondureño,Colibrí Esmeralda Hondureño,Refugio de Vida Silvestre,Wildlife Refuge,National,IV,Not Applicable,0,0,0,21.5655,21.5828634185457,Not Applicable,0,Designated,2005,Federal or national ministry or agency,Multiple ownership,ICF,Existing,State Verified,1927,HN-YO,HND,HND,Not Applicable,Not Applicable
Polygon,18811,18811,1,Montaña de Yoro,Montaña de Yoro,Parque Nacional,National Park,National,II,Not Applicable,0,0,0,153.52875,153.651209290064,Not Applicable,0,Designated,1987,Federal or national ministry or agency,Multiple ownership,ICF,Existing,State Verified,1927,HN-FM,HND,HND,Not Applicable,Not Applicable
Polygon,18809,18809,1,Montaña de Comayagua,Montaña de Comayagua,Parque Nacional,National Park,National,II,Not Applicable,0,0,0,297.67091,297.887813929799,Not Applicable,0,Designated,1987,Federal or national ministry or agency,Multiple ownership,ICF,Existing,State Verified,1927,HN-CM,HND,HND,Not Applicable,Not Applicable
Polygon,41041,41041,1,Ruinas de Tenámpua,Ruinas de Tenámpua,Monumento Cultural,Cultural Monument,National,III,Not Applicable,0,0,0,37.84497,0.707441752299224,Not Applicable,0,Proposed,1997,Federal or national ministry or agency,Multiple ownership,ICF,Not Reported,State Verified,1927,HN-CM,HND,HND,Not Applicable,Not Applicable
Polygon,41014,41014,1,Río Plátano,Río Plátano,Reserva Biósfera,Biosphere Reserve,National,VI,Not Applicable,0,340.55283,452.648749601032,8323.38963,8319.28280742738,Not Applicable,0,Designated,1980,Federal or national ministry or agency,Multiple ownership,ICF,Existing,State Verified,1927,HN-GD,HND,HND,Not Applicable,Not Applicable
Polygon,18843,18843,1,Mixcure,Mixcure,Refugio de Vida Silvestre,Wildlife Refuge,National,IV,Not Applicable,0,0,0,126.89583,126.949832332623,Not Applicable,0,Designated,1987,Federal or national ministry or agency,Multiple ownership,ICF,Existing,State Verified,1927,HN-IN,HND,HND,Not Applicable,Not Applicable
Polygon,18813,18813,1,Cerro Azul,Cerro Azul,Parque Nacional,National Park,National,II,Not Applicable,0,0,0,120.807520825,120.775740883451,Not Applicable,0,Designated,1987,Federal or national ministry or agency,Multiple ownership,ICF,Existing,State Verified,1927,HN-CP,HND,HND,Not Applicable,Not Applicable
Polygon,555582992,555582992,1,Nombre de Dios,Nombre de Dios,Parque Nacional,National Park,National,II,Not Applicable,0,0,0.732608865759515,303.11962,303.02759903656,Not Applicable,0,Designated,2005,Federal or national ministry or agency,Multiple ownership,ICF y FUPNAND,Existing,State Verified,1927,HN-AT,HND,HND,Not Applicable,Not Applicable
Polygon,18805,18805,1,Celaque,Celaque,Parque Nacional,National Park,National,II,Not Applicable,0,0,0,264.7842,263.777716079876,Not Applicable,0,Designated,1987,Federal or national ministry or agency,Multiple ownership,ICF y MAPANCE-PROCELAQUE,Existing,State Verified,1927,HN-LE,HND,HND,Not Applicable,Not Applicable
Polygon,102234,102234,1,Danlí (Apagüiz),Danlí (Apagüiz),Área Productora de Agua,Water Production Reserve,National,VI,Not Applicable,0,0,0,159.7497,159.866719400795,Not Applicable,0,Designated,1992,Federal or national ministry or agency,Multiple ownership,ICF,Existing,State Verified,1927,HN-EP,HND,HND,Not Applicable,Not Applicable
Polygon,555582991,555582991,1,Montaña de Mico Quemado y Las Guanchías,Montaña de Mico Quemado y Las Guanchías,Zona de Reserva Ecológica,Ecological Reserve,National,VI,Not Applicable,0,0,0,289.787,290.296426437823,Not Applicable,0,Designated,1994,Federal or national ministry or agency,Multiple ownership,ICF,Existing,State Verified,1927,HN-YO,HND,HND,Not Applicable,Not Applicable
Polygon,30622,30622,1,Cayos Misquitos,Cayos Misquitos,Parque Nacional Marino,Marine National Park,National,V,Not Applicable,2,9040.8595,9001.9872511944,9040.8595,9003.24099233708,Not Reported,0,Proposed,2014,Federal or national ministry or agency,State,ICF,Not Reported,State Verified,1927,HN-GD,HND,HND,Not Applicable,Not Applicable
Polygon,41004,41004,1,Abogado Agustín Córdoba Rodríguez (Isla Santanilla o del Cisne),Abogado Agustín Córdoba Rodríguez (Isla Santanilla o del Cisne),Parque Nacional Marino,Marine National Park,National,Ib,Not Applicable,2,481.3599,481.232614446172,485.4599,484.865745528443,Not Reported,0,Designated,1991,Federal or national ministry or agency,State,ICF,Not Reported,State Verified,1927,HN-GD,HND,HND,Not Applicable,Not Applicable
Polygon,18812,18812,1,Pico Píjol,Pico Píjol,Parque Nacional,National Park,National,II,Not Applicable,0,0,0,115.08158,115.154930533908,Not Applicable,0,Designated,1987,Federal or national ministry or agency,Multiple ownership,ICF,Existing,State Verified,1927,HN-YO,HND,HND,Not Applicable,Not Applicable
Polygon,555697537,555697537,1,Omoa,Omoa,Parque Nacional,National Park,National,II,Not Applicable,0,0,0,138.7,138.760523799171,Not Applicable,0,Designated,2019,Federal or national ministry or agency,Multiple ownership,ICF,Not Reported,State Verified,1927,HN-CR,HND,HND,Not Applicable,Not Applicable
Polygon,555697538,555697538,1,Cuyamel,Cuyamel,Refugio de Vida Silvestre,Wildlife Refuge,National,IV,Not Applicable,1,81.45,80.8005395581327,108,107.976074614001,Not Reported,0,Designated,2019,Federal or national ministry or agency,Multiple ownership,ICF,Not Reported,State Verified,1927,HN-CR,HND,HND,Not Applicable,Not Applicable
Polygon,555582981,555582981,1,Montaña de Botaderos Carlos Escaleras Mejía,Montaña de Botaderos Carlos Escaleras Mejía,Parque Nacional,National Park,National,II,Not Applicable,0,0,0,967.554,963.053198295812,Not Applicable,0,Designated,2012,Federal or national ministry or agency,Multiple ownership,ICF,Existing,State Verified,1927,HN-CL,HND,HND,Not Applicable,Not Applicable
Polygon,555697536,555697536,1,"San Pedro Sula, Cofradía y Naco (Merendón)","San Pedro Sula, Cofradía y Naco (Merendón)",Zona de Reserva Ecológica,Ecological Reserve,National,VI,Not Applicable,0,0,0,373.3356,373.938434790366,Not Applicable,0,Designated,1990,Federal or national ministry or agency,Multiple ownership,ICF,Existing,State Verified,1927,HN-CR,HND,HND,Not Applicable,Not Applicable
Polygon,5002,5002,1,Río Plátano Biosphere Reserve,Réserve de la biosphère Río Plátano,World Heritage Site (natural or mixed),World Heritage Site (natural or mixed),International,Not Applicable,(vii)(viii)(ix)(x),0,0,238.306824797005,3500,5059.91653961961,Not Applicable,0,Inscribed,1982,Not Reported,Not Reported,Not Reported,Not Reported,State Verified,946,HN-CL,HND,HND,Not Applicable,Not Applicable
Point,902693,902693,1,Subcuenca del Lago de Yojoa,Subcuenca del Lago de Yojoa,"Ramsar Site, Wetland of International Importance","Ramsar Site, Wetland of International Importance",International,Not Reported,(i)(ii)(iii),0,0,,436.4,,Not Applicable,0,Designated,2005,Not Reported,Not Reported,Not Reported,Management plan is available but not implemented,State Verified,1856,Not Reported,HND,HND,Not Applicable,Not Applicable
Point,555558401,555558401,1,Sistema de Humedales Cuyamel-Omoa,Sistema de Humedales Cuyamel-Omoa,"Ramsar Site, Wetland of International Importance","Ramsar Site, Wetland of International Importance",International,Not Reported,(ii)(iii)(iv)(viii),0,0,,300.29,,Not Applicable,0,Designated,2013,Not Reported,Not Reported,Not Reported,Management plan is not implemented and not available,State Verified,1856,Not Reported,HND,HND,Not Applicable,Not Applicable
Point,555558400,555558400,1,Sistema de Humedales de la Isla de Utila,Sistema de Humedales de la Isla de Utila,"Ramsar Site, Wetland of International Importance","Ramsar Site, Wetland of International Importance",International,Not Reported,(i)(ii)(iii)(iv)(vii)(viii),2,0,,162.26,,Not Reported,0,Designated,2013,Not Reported,Not Reported,Not Reported,Management plan is implemented and is available,State Verified,1856,Not Reported,HND,HND,Not Applicable,Not Applicable
Point,555592566,555592566,1,Sistema de Humedales Laguna de Zambuco,Sistema de Humedales Laguna de Zambuco ,"Ramsar Site, Wetland of International Importance","Ramsar Site, Wetland of International Importance",International,Not Reported,(i)(ii)(iii)(iv),0,0,,6.49,,Not Applicable,0,Designated,2013,Not Reported,Not Reported,Not Reported,Management plan is not implemented and not available,State Verified,1856,Not Reported,HND,HND,Not Applicable,Not Applicable
Point,67989,67989,1,Barras de Cuero y Salado,Barras de Cuero y Salado,"Ramsar Site, Wetland of International Importance","Ramsar Site, Wetland of International Importance",International,Not Reported,(i)(ii)(iii),0,0,,132.25,,Not Applicable,0,Designated,1993,Not Reported,Not Reported,Not Reported,https://rsis.ramsar.org/ris/619,State Verified,1856,Not Reported,HND,HND,Not Applicable,Not Applicable
Point,145526,145526,1,Refugio de Vida Silvestre Punta Izopo,Refugio de Vida Silvestre Punta Izopo,"Ramsar Site, Wetland of International Importance","Ramsar Site, Wetland of International Importance",International,Not Reported,(ii)(iii)(iv),0,0,,112,,Not Applicable,0,Designated,1996,Not Reported,Not Reported,Not Reported,https://rsis.ramsar.org/ris/812,State Verified,1856,Not Reported,HND,HND,Not Applicable,Not Applicable
Point,555624121,555624121,1,Sistema de Humedales de la Zona Sur de Honduras,Sistema de Humedales de la Zona Sur de Honduras,"Ramsar Site, Wetland of International Importance","Ramsar Site, Wetland of International Importance",International,Not Reported,(i)(ii)(iii)(iv)(v)(vi)(vii)(viii),0,0,,697.11,,Not Applicable,0,Designated,1999,Not Reported,Not Reported,Not Reported,https://rsis.ramsar.org/ris/1000,State Verified,1856,Not Reported,HND,HND,Not Applicable,Not Applicable
Point,555624122,555624122,1,Laguna de Bacalar,Laguna de Bacalar,"Ramsar Site, Wetland of International Importance","Ramsar Site, Wetland of International Importance",International,Not Reported,(ii)(iii)(iv)(vi)(viii),0,0,,73.94,,Not Applicable,0,Designated,2003,Not Reported,Not Reported,Not Reported,https://rsis.ramsar.org/ris/1254,State Verified,1856,Not Reported,HND,HND,Not Applicable,Not Applicable
